{
  "endpoint": "a29rg0ytflhg6y-ats.iot.eu-central-1.amazonaws.com",
  "mqtt_port": 8883,
  "https_port": 443,
  "greengrass_discovery_port": 8443,
  "root_ca_relative_path": "certs/AmazonRootCA1.pem",
  "device_certificate_relative_path": "certs/<device_certificate>",
  "device_private_key_relative_path": "certs/<device_key_reference_file>",
  "tls_handshake_timeout_msecs": 60000,
  "tls_read_timeout_msecs": 2000,
  "tls_write_timeout_msecs": 2000,
  "aws_region": "",
  "aws_access_key_id": "",
  "aws_secret_access_key": "",
  "aws_session_token": "",
  "client_id": "CppSDKTesting",
  "thing_name": "CppSDKTesting",
  "is_clean_session": true,
  "mqtt_command_timeout_msecs": 20000,
  "keepalive_interval_secs": 600,
  "minimum_reconnect_interval_secs": 1,
  "maximum_reconnect_interval_secs": 128,
  "maximum_acks_to_wait_for": 32,
  "action_processing_rate_hz": 5,
  "maximum_outgoing_action_queue_length": 32,
  "discover_action_timeout_msecs": 300000
}
